Circuit,Protocol,Iterations,SIMD,Garbling time [ms],Garbling time std,Eval time [ms],Eval time std,Circuit Size [MB],Circuit Size std
skinny128_128,ZRE15,10,500,297.4257,12.561225641234211,220.1449,7.791882846270217,81.9883,0.0
skinny128_128,RR21,10,500,172.947,34.699,139.481,14.004,63.329,0.0
skinny128_128,PROJ,10,500,1140.677,34.30300804594257,7.599918,0.381894089815488,1306.6399999999999,2.2737367544323206e-13
skinny128_256,ZRE15,10,500,401.43309999999997,15.98218820718864,297.13559999999995,10.93036255757328,98.3723,0.0
skinny128_256,RR21,10,500,221.136,47.925,173.954,14.153,77.357,0.0
skinny128_256,PROJ,10,500,1281.659,43.77511106782018,13.77544,0.8722558376990086,1567.81,0.0
skinny128_384,ZRE15,10,500,553.3496,17.16436973034548,409.3579,9.146148593260444,114.75600000000001,1.4210854715202004e-14
skinny128_384,RR21,10,500,279.027,45.916,236.065,18.987,91.384,0.0
skinny128_384,PROJ,10,500,1420.729,33.8603241124476,20.65381,0.40746228647569327,1829.0,0.0
